<?xml version="1.0"?>
<!--
/**
 * Copyright © 2016 MageWorx. All rights reserved.
 * See LICENSE.txt for license details.
 */
-->
<config xmlns:xsi="http://www.w3.org/2001/XMLSchema-instance" xsi:noNamespaceSchemaLocation="urn:magento:framework:Event/etc/events.xsd">
    <event name="catalog_product_option_price_configuration_after">
        <observer name="UpdateOptionsMessages" instance="MageWorx\OptionInventory\Observer\UpdateOptionsMessages"/>
    </event>
    <event name="sales_quote_item_qty_set_after">
        <observer name="ValidateBeforeAddProductToOrder" instance="MageWorx\OptionInventory\Observer\ValidateOptionsInventory"/>
    </event>
    <event name="sales_model_service_quote_submit_before">
        <observer name="SubtractQuoteOptionValueInventoryObserver" instance="MageWorx\OptionInventory\Observer\SubtractQuoteOptionValueInventoryObserver"/>
    </event>
</config>